player_id,Player Name,ESPN link
1947,Darrell Adams,
1948,Titus Adams,https://www.espn.com/college-football/player/_/id/113702/titus-adams
1949,Jahmile Addae,https://www.espn.com/college-football/player/_/id/116317/jahmile-addae
1950,Joseph Addai,https://www.espn.com/college-football/player/_/id/116954/joseph-addai
1951,Victor Adeyanju,https://www.espn.com/college-football/player/_/id/118207/victor-adeyanju
1952,Jason Allen,
1953,Jon Alston,https://www.espn.com/college-football/player/_/id/122342/jon-alston
1954,Sir Henry Anderson,https://www.espn.com/college-football/player/_/id/122284/henry-anderson
1955,David Anderson,https://www.espn.com/college-football/player/_/id/135016/david-anderson
1956,James Anderson,https://www.espn.com/college-football/player/_/id/116172/james-anderson
1957,Mark Anderson,https://www.espn.com/college-football/player/_/id/123220/mark-anderson
1958,Willie Andrews,https://www.espn.com/college-football/player/_/id/134739/willie-andrews
1959,Devin Aromashodu,https://www.espn.com/college-football/player/_/id/134967/devin-aromashodu
1960,Miles Austin,
1961,Jason Avant,
1962,Brett Basanez,https://www.espn.com/college-football/player/_/id/116993/brett-basanez
1963,Hank Baskett,
1964,Danny Baugher,
1965,Mike Bell,
1966,Charles Bennett,https://www.espn.com/college-football/player/_/id/117038/charles-bennett
1967,Matt Bernstein,https://www.espn.com/college-football/player/_/id/113759/matt-bernstein
1968,Antoine Bethea,
1969,Troy Bienemann,https://www.espn.com/college-football/player/_/id/115674/troy-bienemann
1970,Damarius Bilbo,https://www.espn.com/college-football/player/_/id/113995/damarius-bilbo
1971,Darnell Bing,https://www.espn.com/college-football/player/_/id/137028/darnell-bing
1972,Will Blackmon,https://www.espn.com/college-football/player/_/id/135766/will-blackmon
1973,Jeremy Bloom,
1974,Greg Blue,
1975,Kevin Boothe,
1976,Jovon Bouknight,https://www.espn.com/college-football/player/_/id/116535/jovon-bouknight
1977,McKinley Boykin,
1978,Trent Bray,https://www.espn.com/college-football/player/_/id/122267/trent-bray
1979,Darrell Brooks,
1980,Manaia Brown,https://www.espn.com/college-football/player/_/id/113701/manaia-brown
1981,Copeland Bryan,
1982,Daniel Bullocks,https://www.espn.com/college-football/player/_/id/113705/daniel-bullocks
1983,Brodrick Bunkley,https://www.espn.com/college-football/player/_/id/136618/brodrick-bunkley
1984,Reggie Bush,https://www.espn.com/college-football/player/_/id/145158/reggie-bush
1985,Brad Butler,https://www.espn.com/college-football/player/_/id/136312/brad-butler
1986,Rashad Butler,
1987,Dominique Byrd,https://www.espn.com/college-football/player/_/id/137031/dominique-byrd
1988,Brian Calhoun,https://www.espn.com/college-football/player/_/id/135500/brian-calhoun
1989,Bobby Carpenter,https://www.espn.com/college-football/player/_/id/133625/bobby-carpenter
1990,Jason Carter,https://www.espn.com/college-football/player/_/id/120250/jason-carter
1991,Chris Chester,
1992,Jeromey Clary,https://www.espn.com/college-football/player/_/id/136968/jeromey-clary
1993,Kellen Clemens,https://www.espn.com/college-football/player/_/id/120702/kellen-clemens
1994,Barry Cofield,https://www.espn.com/college-football/player/_/id/133894/barry-cofield
1995,Daryn Colledge,
1996,Marques Colston,
1997,Ryan Cook,
1998,Antonio Cromartie,
1999,Brodie Croyle,https://www.espn.com/college-football/player/_/id/128154/brodie-croyle
2000,Jay Cutler,https://www.espn.com/college-football/player/_/id/115374/jay-cutler
2001,Owen Daniels,https://www.espn.com/college-football/player/_/id/113746/owen-daniels
2002,P.J. Daniels,https://www.espn.com/college-football/player/_/id/114025/pj-daniels
2003,Vernon Davis,https://www.espn.com/college-football/player/_/id/145820/vernon-davis
2004,Charles Davis,https://www.espn.com/college-football/player/_/id/119398/charles-davis
2005,Tim Day,https://www.espn.com/college-football/player/_/id/120729/tim-day
2006,Mike Degory,
2007,Marcus Demps,https://www.espn.com/college-football/player/_/id/115632/marcus-demps
2008,Chris Denney,
2009,Will Derting,https://www.espn.com/college-football/player/_/id/115681/will-derting
2010,Tim Dobbins,https://www.espn.com/college-football/player/_/id/160080/tim-dobbins
2011,Reed Doughty,
2012,Kader Drame,https://www.espn.com/college-football/player/_/id/134476/kader-drame
2013,Elvis Dumervil,https://www.espn.com/college-football/player/_/id/136990/elvis-dumervil
2014,Dusty Dvoracek,
2015,Ray Edwards,https://www.espn.com/college-football/player/_/id/146183/ray-edwards
2016,Keith Ellison,https://www.espn.com/college-football/player/_/id/135332/keith-ellison
2017,Greg Eslinger,
2018,Bruce Eugene,
2019,Jahri Evans,
2020,Anthony Fasano,https://www.espn.com/college-football/player/_/id/134719/anthony-fasano
2021,Daniel Fells,
2022,D'Brickashaw Ferguson,
2023,Omar Gaither,
2024,Quinton Ganther,https://www.espn.com/college-football/player/_/id/156963/quinton-ganther
2025,Ryan Gilbert,https://www.espn.com/college-football/player/_/id/116946/ryan-gilbert
2026,Chris Gocong,
2027,Kedric Golston,
2028,Charles Gordon,https://www.espn.com/college-football/player/_/id/134200/charles-gordon
2029,Bruce Gradkowski,https://www.espn.com/college-football/player/_/id/114338/bruce-gradkowski
2030,Marcus Green,https://www.espn.com/college-football/player/_/id/122201/marcus-green
2031,Skyler Green,https://www.espn.com/college-football/player/_/id/134044/skyler-green
2032,Chad Greenway,
2033,Cedric Griffin,
2034,Darrell Hackney,
2035,Derek Hagan,https://www.espn.com/college-football/player/_/id/135276/derek-hagan
2036,Marques Hagans,https://www.espn.com/college-football/player/_/id/113717/marques-hagans
2037,Tamba Hali,https://www.espn.com/college-football/player/_/id/144706/tamba-hali
2038,Andre Hall,https://www.espn.com/college-football/player/_/id/161640/andre-hall
2039,Chris Hannon,
2040,Parys Haralson,
2041,Roman Harper,https://www.espn.com/college-football/player/_/id/123218/roman-harper
2042,Chris Harrell,https://www.espn.com/college-football/player/_/id/120328/chris-harrell
2043,Gilbert Harris,
2044,Orien Harris,
2045,Jerome Harrison,https://www.espn.com/college-football/player/_/id/164335/jerome-harrison
2046,Mike Hass,https://www.espn.com/college-football/player/_/id/133965/mike-hass
2047,Jason Hatcher,
2048,Spencer Havner,https://www.espn.com/college-football/player/_/id/120561/spencer-havner
2049,A.J. Hawk,https://www.espn.com/college-football/player/_/id/133633/aj-hawk
2050,Chris Hawkins,https://www.espn.com/college-football/player/_/id/113859/chris-hawkins
2051,Taurean Henderson,https://www.espn.com/college-football/player/_/id/118233/taurean-henderson
2052,Eric Henderson,https://www.espn.com/college-football/player/_/id/114017/eric-henderson
2053,Matt Henshaw,https://www.espn.com/college-football/player/_/id/116835/matt-henshaw
2054,Jarvis Herring,
2055,Devin Hester,
2056,Tye Hill,https://www.espn.com/college-football/player/_/id/116345/tye-hill
2057,Ed Hinkel,
2058,Abdul Hodge,
2059,Santonio Holmes,https://www.espn.com/college-football/player/_/id/133634/santonio-holmes
2060,Reuben Houston,https://www.espn.com/college-football/player/_/id/114000/reuben-houston
2061,Thomas Howard,
2062,Oliver Hoyte,
2063,Marcus Hudson,
2064,Michael Huff,
2065,Cedric Humes,https://www.espn.com/college-football/player/_/id/116182/cedric-humes
2066,Darrell Hunter,
2067,Josh Huston,https://www.espn.com/college-football/player/_/id/105947/josh-huston
2068,Clint Ingram,
2069,Brian Iwuh,https://www.espn.com/college-football/player/_/id/135524/brian-iwuh
2070,Chad Jackson,
2071,D'Qwell Jackson,https://www.espn.com/college-football/player/_/id/135993/dqwell-jackson
2072,Tarvaris Jackson,
2073,T.J. Jackson,
2074,Omar Jacobs,https://www.espn.com/college-football/player/_/id/134244/omar-jacobs
2075,Max Jean-Gilles,
2076,Julian Jenkins,https://www.espn.com/college-football/player/_/id/137106/julian-jenkins
2077,Adam Jennings,https://www.espn.com/college-football/player/_/id/120891/adam-jennings
2078,Greg Jennings,
2079,Kelly Jennings,
2080,Tim Jennings,
2081,Brandon Johnson,https://www.espn.com/college-football/player/_/id/112538/brandon-johnson
2082,Johnny Jolly,https://www.espn.com/college-football/player/_/id/120259/johnny-jolly-jr
2083,Maurice Jones-Drew,https://www.espn.com/college-football/player/_/id/145130/maurice-jones-drew
2084,Davin Joseph,
2085,Johnathan Joseph,https://www.espn.com/college-football/player/_/id/156537/johnathan-joseph
2086,Winston Justice,
2087,Freddy Keiaho,https://www.espn.com/college-football/player/_/id/157100/freddy-keiaho
2088,Charlton Keith,https://www.espn.com/college-football/player/_/id/115801/charlton-keith
2089,William Kershaw,https://www.espn.com/college-football/player/_/id/135994/william-kershaw
2090,Jeff King,https://www.espn.com/college-football/player/_/id/116185/jeff-king
2091,David Kirtman,https://www.espn.com/college-football/player/_/id/120521/david-kirtman
2092,Mathias Kiwanuka,https://www.espn.com/college-football/player/_/id/129839/mathias-kiwanuka
2093,Joe Klopfenstein,https://www.espn.com/college-football/player/_/id/135535/joe-klopfenstein
2094,Mike Kudla,https://www.espn.com/college-football/player/_/id/133636/mike-kudla
2095,Chris Kuper,
2096,Ryan LaCasse,https://www.espn.com/college-football/player/_/id/113950/ryan-lacasse
2097,Dawan Landry,https://www.espn.com/college-football/player/_/id/113996/dawan-landry
2098,Manny Lawson,
2099,Josh Lay,
2100,Greg Lee,https://www.espn.com/college-football/player/_/id/146282/greg-lee
2101,Matt Leinart,https://www.espn.com/college-football/player/_/id/120511/matt-leinart
2102,Jonathan Lewis,https://www.espn.com/college-football/player/_/id/135228/jonathan-lewis
2103,Marcedes Lewis,https://www.espn.com/college-football/player/_/id/137177/marcedes-lewis
2104,David Lonie,https://www.espn.com/college-football/player/_/id/156203/david-lonie
2105,Calvin Lowry,https://www.espn.com/college-football/player/_/id/133834/calvin-lowry
2106,Travis Lulay,
2107,Wali Lundy,https://www.espn.com/college-football/player/_/id/136342/wali-lundy
2108,Deuce Lutui,
2109,Jesse Mahelona,
2110,Tom Malone,
2111,Antonio Malone,https://www.espn.com/college-football/player/_/id/134316/antonio-malone
2112,Nick Mangold,
2113,Danieal Manning,
2114,Laurence Maroney,https://www.espn.com/college-football/player/_/id/146107/laurence-maroney
2115,Brandon Marshall,
2116,Richard Marshall,https://www.espn.com/college-football/player/_/id/135086/richard-marshall
2117,Derrick Martin,https://www.espn.com/college-football/player/_/id/148437/derrick-martin
2118,Ingle Martin,
2119,Jimmy Martin,
2120,Tim Massaquoi,
2121,Wendell Mathis,https://www.espn.com/college-football/player/_/id/120556/wendell-mathis
2122,Fred Matua,
2123,Marcus Maxey,
2124,Dee McCann,https://www.espn.com/college-football/player/_/id/168398/dee-mccann
2125,John McCargo,
2126,Stanley McClover,https://www.espn.com/college-football/player/_/id/146389/stanley-mcclover
2127,Tim McGarigle,https://www.espn.com/college-football/player/_/id/133922/tim-mcgarigle
2128,Rocky McIntosh,
2129,Reggie McNeal,https://www.espn.com/college-football/player/_/id/138583/reggie-mcneal
2130,Marcus McNeill,https://www.espn.com/college-football/player/_/id/134984/marcus-mcneill
2131,Gerrick McPhearson,https://www.espn.com/college-football/player/_/id/116022/gerrick-mcphearson
2132,Paul McQuistan,
2133,Robin Meadow,
2134,Vincent Meeks,https://www.espn.com/college-football/player/_/id/135885/vincent-meeks
2135,Erik Meyer,
2136,Garrett Mills,https://www.espn.com/college-football/player/_/id/135169/garrett-mills
2137,Jeremy Mincey,
2138,DeMario Minter,
2139,Anthony Mix,https://www.espn.com/college-football/player/_/id/128173/anthony-mix
2140,Will Montgomery,
2141,DonTrell Moore,
2142,Sinorice Moss,
2143,Jeff Mullins,https://www.espn.com/college-football/player/_/id/120604/jeff-mullins
2144,Martin Nance,
2145,Terna Nande,
2146,Javon Nanton,
2147,Khalid Naziruddin,https://www.espn.com/college-football/player/_/id/156631/khalid-naziruddin
2148,Barrick Nealy,https://www.espn.com/college-football/player/_/id/120407/barrick-nealy
2149,Haloti Ngata,https://www.espn.com/college-football/player/_/id/135904/haloti-ngata
2150,A.J. Nicholson,https://www.espn.com/college-football/player/_/id/136660/aj-nicholson
2151,Rob Ninkovich,https://www.espn.com/college-football/player/_/id/161032/rob-ninkovich
2152,Jerious Norwood,https://www.espn.com/college-football/player/_/id/134627/jerious-norwood
2153,Ryan O'Callaghan,
2154,Ben Obomanu,https://www.espn.com/college-football/player/_/id/134986/ben-obomanu
2155,Quinn Ojinnaka,
2156,Melvin Oliver,https://www.espn.com/college-football/player/_/id/116986/melvin-oliver
2157,Thomas Olmsted,https://www.espn.com/college-football/player/_/id/136463/thomas-olmsted
2158,Drew Olson,https://www.espn.com/college-football/player/_/id/137200/drew-olson
2159,Chijioke Onyenegecha,
2160,Jonathan Orr,
2161,Babatunde Oshinowo,https://www.espn.com/college-football/player/_/id/122354/babatunde-oshinowo
2162,Jarrad Page,https://www.espn.com/college-football/player/_/id/137201/jarrad-page
2163,Kai Parham,https://www.espn.com/college-football/player/_/id/136350/kai-parham
2164,Sam Paulescu,https://www.espn.com/college-football/player/_/id/156152/sam-paulescu
2165,Domata Peko,https://www.espn.com/college-football/player/_/id/160878/domata-peko-sr
2166,Donald Penn,https://www.espn.com/college-football/player/_/id/121100/donald-penn
2167,Terrance Pennington,
2168,Charlie Peprah,https://www.espn.com/college-football/player/_/id/123215/charlie-peprah
2169,Marvin Philip,
2170,Anwar Phillips,https://www.espn.com/college-football/player/_/id/120330/anwar-phillips
2171,Paul Pinegar,https://www.espn.com/college-football/player/_/id/120888/paul-pinegar
2172,David Pittman,
2173,Ryan Plackemeier,
2174,Jason Pociask,https://www.espn.com/college-football/player/_/id/113758/jason-pociask
2175,Bernard Pollard,https://www.espn.com/college-football/player/_/id/146197/bernard-pollard
2176,Leonard Pope,
2177,Quinton Porter,https://www.espn.com/college-football/player/_/id/115987/quinton-porter
2178,Donovan Raiola,
2179,Troy Reddick,
2180,Willie Reid,https://www.espn.com/college-football/player/_/id/116842/willie-reid
2181,Matthew Rice,https://www.espn.com/college-football/player/_/id/120356/matthew-rice
2182,Gerald Riggs,
2183,Freddie Roach,https://www.espn.com/college-football/player/_/id/123211/freddie-roach
2184,Dale Robinson,https://www.espn.com/college-football/player/_/id/129114/dale-robinson
2185,Michael Robinson,https://www.espn.com/college-football/player/_/id/120321/michael-robinson
2186,Cory Rodgers,https://www.espn.com/college-football/player/_/id/137499/cory-rodgers
2187,Dennis Roland,
2188,Richie Ross,
2189,Pat Ross,
2190,Cory Ross,https://www.espn.com/college-football/player/_/id/113711/cory-ross
2191,Derrick Ross,
2192,Frostee Rucker,https://www.espn.com/college-football/player/_/id/116501/frostee-rucker
2193,DeMeco Ryans,https://www.espn.com/college-football/player/_/id/136377/demeco-ryans
2194,Nate Salley,https://www.espn.com/college-football/player/_/id/133645/nate-salley
2195,Tony Scheffler,
2196,Anthony Schlegel,https://www.espn.com/college-football/player/_/id/132941/anthony-schlegel
2197,Jon Scifres,
2198,Jonathan Scott,
2199,Mark Setterstrom,
2200,D.J. Shockley,
2201,Kevin Simon,
2202,Ko Simpson,https://www.espn.com/college-football/player/_/id/155186/ko-simpson
2203,Ernie Sims,https://www.espn.com/college-football/player/_/id/145765/ernie-sims
2204,Rob Sims,
2205,Dwayne Slay,https://www.espn.com/college-football/player/_/id/160441/dwayne-slay
2206,Kent Smith,https://www.espn.com/college-football/player/_/id/114700/kent-smith
2207,LeKevin Smith,
2208,Anthony Smith,https://www.espn.com/college-football/player/_/id/134501/anthony-smith
2209,Brad Smith,
2210,Eric Smith,https://www.espn.com/college-football/player/_/id/118974/eric-smith
2211,Clinton Solomon,
2212,Isaac Sowells,
2213,Charles Spencer,
2214,Jason Spitz,https://www.espn.com/college-football/player/_/id/112525/jason-spitz
2215,Montavious Stanley,https://www.espn.com/college-football/player/_/id/112539/montavious-stanley
2216,Joel Stelly,
2217,Adam Stenavich,
2218,Dan Stevenson,
2219,Maurice Stovall,https://www.espn.com/college-football/player/_/id/134738/maurice-stovall
2220,Zach Strief,https://www.espn.com/college-football/player/_/id/117009/zach-strief
2221,Boone Stutz,https://www.espn.com/college-football/player/_/id/123225/boone-stutz
2222,Quinn Sypniewski,https://www.espn.com/college-football/player/_/id/104693/quinn-sypniewski
2223,Naufahu Tahi,https://www.espn.com/college-football/player/_/id/147027/naufahu-tahi
2224,Darryl Tapp,https://www.espn.com/college-football/player/_/id/135237/darryl-tapp
2225,Gavin Tarquinio,https://www.espn.com/college-football/player/_/id/127719/gavin-tarquinio
2226,Tony Tella,
2227,David Thomas,
2228,Joe Toledo,
2229,John Torp,https://www.espn.com/college-football/player/_/id/113990/john-torp
2230,Michael Toudouze,
2231,Anthony Trucks,https://www.espn.com/college-football/player/_/id/136048/anthony-trucks
2232,Jeremy Trueblood,
2233,Stephen Tulloch,
2234,Cameron Vaughn,https://www.espn.com/college-football/player/_/id/134037/cameron-vaughn
2235,Marcus Vick,https://www.espn.com/college-football/player/_/id/135239/marcus-vick
2236,Lawrence Vickers,https://www.espn.com/college-football/player/_/id/135575/lawrence-vickers
2237,John Walker,https://www.espn.com/college-football/player/_/id/120528/john-walker
2238,Delanie Walker,
2239,Cooper Wallace,https://www.espn.com/college-football/player/_/id/120821/cooper-wallace
2240,Scott Ware,https://www.espn.com/college-football/player/_/id/161115/scott-ware
2241,Leon Washington,https://www.espn.com/college-football/player/_/id/136676/leon-washington
2242,Pat Watkins,https://www.espn.com/college-football/player/_/id/136680/pat-watkins
2243,Todd Watkins,https://www.espn.com/college-football/player/_/id/117284/todd-watkins
2244,Gabe Watson,
2245,Steve Weatherford,https://www.espn.com/college-football/player/_/id/127759/steve-weatherford
2246,Dee Webb,
2247,Jeff Webb,https://www.espn.com/college-football/player/_/id/127712/jeff-webb
2248,Stefon Wheeler,https://www.espn.com/college-football/player/_/id/118991/stefon-wheeler
2249,Guy Whimper,https://www.espn.com/college-football/player/_/id/120386/guy-whimper
2250,LenDale White,https://www.espn.com/college-football/player/_/id/145175/lendale-white
2251,Terrence Whitehead,https://www.espn.com/college-football/player/_/id/120706/terrence-whitehead
2252,Charlie Whitehurst,https://www.espn.com/college-football/player/_/id/116343/charlie-whitehurst
2253,E.J. Whitley,
2254,Donte Whitner,https://www.espn.com/college-football/player/_/id/146160/donte-whitner
2255,Andrew Whitworth,
2256,Gerris Wilkinson,https://www.espn.com/college-football/player/_/id/135962/gerris-wilkinson
2257,T.J. Williams,
2258,Brandon Williams,https://www.espn.com/college-football/player/_/id/133686/brandon-williams
2259,DeAngelo Williams,https://www.espn.com/college-football/player/_/id/133410/deangelo-williams
2260,Demetrius Williams,https://www.espn.com/college-football/player/_/id/120727/demetrius-williams
2261,Jamar Williams,https://www.espn.com/college-football/player/_/id/135465/jamar-williams
2262,Jimmy Williams,
2263,Leon Williams,
2264,Mario Williams,
2265,Travis Wilson,
2266,Kamerion Wimbley,https://www.espn.com/college-football/player/_/id/136684/kamerion-wimbley
2267,Eric Winston,
2268,Rodrique Wright,
2269,Claude Wroten,https://www.espn.com/college-football/player/_/id/135612/claude-wroten
2270,Justin Wyatt,https://www.espn.com/college-football/player/_/id/137271/justin-wyatt
2271,James Wyche,https://www.espn.com/college-football/player/_/id/113947/james-wyche
2272,Ashton Youboty,https://www.espn.com/college-football/player/_/id/146161/ashton-youboty
2273,Vince Young,
2274,Alan Zemaitis,https://www.espn.com/college-football/player/_/id/120336/alan-zemaitis
2275,Jon Abbate,
2276,Victor Abiamiri,https://www.espn.com/college-football/player/_/id/150279/victor-abiamiri
2277,Gaines Adams,https://www.espn.com/college-football/player/_/id/135791/gaines-adams
2278,Jesse Ainsworth,https://www.espn.com/college-football/player/_/id/144953/jesse-ainsworth
2279,Ikaika Alama-Francis,
2280,Gerald Alexander,https://www.espn.com/college-football/player/_/id/134780/gerald-alexander
2281,Rufus Alexander,
2282,Jay Alford,https://www.espn.com/college-football/player/_/id/146340/jay-alford
2283,Michael Allan,
2284,Andy Alleman,
2285,Aundrae Allison,
2286,Cory Anderson,
2287,Deon Anderson,
2288,Jamaal Anderson,https://www.espn.com/college-football/player/_/id/161969/jamaal-anderson
2289,Antwan Applewhite,https://www.espn.com/college-football/player/_/id/147855/antwan-applewhite
2290,Anthony Arline,https://www.espn.com/college-football/player/_/id/134740/anthony-arline
2291,Baraka Atkins,
2292,Travarous Bain,
2293,Dallas Baker,
2294,Reggie Ball,https://www.espn.com/college-football/player/_/id/145781/reggie-ball
2295,David Ball,
2296,Allen Barbre,
2297,Antwan Barnes,https://www.espn.com/college-football/player/_/id/151993/antwan-barnes
2298,Dan Bazuin,https://www.espn.com/college-football/player/_/id/134264/dan-bazuin
2299,Jon Beason,
2300,John Beck,https://www.espn.com/college-football/player/_/id/148066/john-beck
2301,Josh Beekman,https://www.espn.com/college-football/player/_/id/135764/josh-beekman
2302,Nate Bennett,
2303,Fred Bennett,https://www.espn.com/college-football/player/_/id/146819/fred-bennett
2304,Stephen Berg,
2305,Larry Birdine,
2306,Desmond Bishop,https://www.espn.com/college-football/player/_/id/133537/desmond-bishop
2307,Quincy Black,
2308,H.B. Blades,https://www.espn.com/college-football/player/_/id/146271/hb-blades
2309,Justin Blalock,
2310,Kody Bliss,
2311,Lorenzo Booker,https://www.espn.com/college-football/player/_/id/136616/lorenzo-booker
2312,Kevin Boss,
2313,Dwayne Bowe,https://www.espn.com/college-football/player/_/id/146735/dwayne-bowe
2314,Tyron Brackenridge,https://www.espn.com/college-football/player/_/id/164334/tyron-brackenridge
2315,Stewart Bradley,https://www.espn.com/college-football/player/_/id/145495/stewart-bradley
2316,Ahmad Bradshaw,https://www.espn.com/college-football/player/_/id/162097/ahmad-bradshaw
2317,Alan Branch,
2318,Steve Breaston,
2319,Larry Brown,https://www.espn.com/college-football/player/_/id/174029/larry-brown
2320,Kareem Brown,
2321,Levi Brown,
2322,Tarell Brown,
2323,Mkristo Bruce,https://www.espn.com/college-football/player/_/id/137535/mkristo-bruce
2324,Eldra Buckley,
2325,Noland Burchette,https://www.espn.com/college-football/player/_/id/135221/noland-burchette
2326,Prescott Burgess,
2327,Michael Bush,https://www.espn.com/college-football/player/_/id/149846/michael-bush
2328,Andrew Carnahan,
2329,Brendan Carney,https://www.espn.com/college-football/player/_/id/134472/brendan-carney
2330,Adam Carriker,https://www.espn.com/college-football/player/_/id/137451/adam-carriker
2331,Zach Catanese,https://www.espn.com/college-football/player/_/id/168802/zach-catanese
2332,Scott Chandler,
2333,Matt Clark,
2334,Jeremy Clark,https://www.espn.com/college-football/player/_/id/136360/jeremy-clark
2335,Thomas Clayton,https://www.espn.com/college-football/player/_/id/136621/thomas-clayton
2336,David Clowney,https://www.espn.com/college-football/player/_/id/146417/david-clowney
2337,Daniel Coats,https://www.espn.com/college-football/player/_/id/135220/daniel-coats
2338,Michael Coe,
2339,Joe Cohen,
2340,Duane Coleman,https://www.espn.com/college-football/player/_/id/135797/duane-coleman
2341,Alonzo Coleman,
2342,Jemalle Cornelius,
2343,Jon Cornish,https://www.espn.com/college-football/player/_/id/134195/jon-cornish
2344,Mason Crosby,https://www.espn.com/college-football/player/_/id/145297/mason-crosby
2345,Tim Crowder,
2346,Quinton Culberson,https://www.espn.com/college-football/player/_/id/146851/quinton-culberson
2347,Craig Dahl,
2348,Jessie Daniels,https://www.espn.com/college-football/player/_/id/146740/jessie-daniels
2349,Kenneth Darby,https://www.espn.com/college-football/player/_/id/136364/kenneth-darby
2350,Doug Datish,https://www.espn.com/college-football/player/_/id/133629/doug-datish
2351,Buster Davis,https://www.espn.com/college-football/player/_/id/136622/buster-davis
2352,Buster Davis,https://www.espn.com/college-football/player/_/id/136622/buster-davis
2353,Chris Davis,https://www.espn.com/college-football/player/_/id/136623/chris-davis
2354,A.J. Davis,
2355,Victor DeGrate,https://www.espn.com/college-football/player/_/id/145552/victor-degrate
2356,Chris Denman,https://www.espn.com/college-football/player/_/id/147209/chris-denman
2357,Zak DeOssie,
2358,Tim Duckworth,
2359,Justin Durant,
2360,Quintin Echols,https://www.espn.com/college-football/player/_/id/136996/quintin-echols
2361,Trent Edwards,https://www.espn.com/college-football/player/_/id/137101/trent-edwards
2362,Tala Esera,
2363,Earl Everett,
2364,Aaron Fairooz,
2365,Mark Fenton,
2366,Brandon Fields,https://www.espn.com/college-football/player/_/id/133782/brandon-fields
2367,Yamon Figurs,https://www.espn.com/college-football/player/_/id/128819/yamon-figurs
2368,Joel Filani,https://www.espn.com/college-football/player/_/id/135866/joel-filani
2369,Nick Folk,
2370,Jacob Ford,
2371,Eric Frampton,https://www.espn.com/college-football/player/_/id/137551/eric-frampton
2372,Doug Free,
2373,Dustin Fry,
2374,Brandon Frye,
2375,C.J. Gaddis,https://www.espn.com/college-football/player/_/id/145707/cj-gaddis
2376,Josh Gattis,https://www.espn.com/college-football/player/_/id/133998/josh-gattis
2377,Luke Getsy,https://www.espn.com/college-football/player/_/id/134939/luke-getsy
2378,Ted Ginn,https://www.espn.com/college-football/player/_/id/156844/ted-ginn-jr
2379,Dashon Goldson,https://www.espn.com/college-football/player/_/id/158273/dashon-goldson
2380,Anthony Gonzalez,https://www.espn.com/college-football/player/_/id/146166/anthony-gonzalez
2381,Adam Graessle,https://www.espn.com/college-football/player/_/id/146279/adam-graessle
2382,Corey Graham,
2383,Michael Griffin,
2384,Ben Grubbs,https://www.espn.com/college-football/player/_/id/134978/ben-grubbs
2385,Matt Gutierrez,
2386,KaMichael Hall,https://www.espn.com/college-football/player/_/id/145787/kamichael-hall
2387,Gabe Hall,https://www.espn.com/college-football/player/_/id/135868/gabe-hall
2388,Leon Hall,
2389,Jonny Harline,https://www.espn.com/college-football/player/_/id/161976/jonny-harline
2390,Justin Harrell,
2391,Clark Harris,https://www.espn.com/college-football/player/_/id/135376/clark-harris
2392,David Harris,
2393,Leroy Harris,
2394,Nate Harris,https://www.espn.com/college-football/player/_/id/169653/nate-harris
2395,Ryan Harris,
2396,Brandon Harrison,https://www.espn.com/college-football/player/_/id/145092/brandon-harrison
2397,Mario Henderson,
2398,Chris Henry,
2399,Stephon Heyer,
2400,Justin Hickman,https://www.espn.com/college-football/player/_/id/156192/justin-hickman
2401,Jarrett Hicks,https://www.espn.com/college-football/player/_/id/135873/jarrett-hicks
2402,Johnnie Lee Higgins,
2403,Jason Hill,https://www.espn.com/college-football/player/_/id/145242/jason-hill
2404,Corey Hilliard,https://www.espn.com/college-football/player/_/id/145561/corey-hilliard
2405,Jonathan Holland,https://www.espn.com/college-football/player/_/id/150718/jonathan-holland
2406,Chris Houston,https://www.espn.com/college-football/player/_/id/148623/chris-houston
2407,Dante Hughes,https://www.espn.com/college-football/player/_/id/144988/dante-hughes
2408,Tony Hunt,https://www.espn.com/college-football/player/_/id/152310/tony-hunt
2409,Nate Ilaoa,
2410,Kenny Irons,https://www.espn.com/college-football/player/_/id/134884/kenny-irons
2411,David Irons,https://www.espn.com/college-football/player/_/id/128169/david-irons
2412,Xzavie Jackson,
2413,DeAndre Jackson,https://www.espn.com/college-football/player/_/id/145402/deandre-jackson
2414,Brandon Jackson,https://www.espn.com/college-football/player/_/id/162707/brandon-jackson
2415,Tanard Jackson,https://www.espn.com/college-football/player/_/id/146568/tanard-jackson
2416,Keith Jackson,https://www.espn.com/college-football/player/_/id/148625/keith-jackson
2417,Drisan James,https://www.espn.com/college-football/player/_/id/134955/drisan-james
2418,Dwayne Jarrett,https://www.espn.com/college-football/player/_/id/161084/dwayne-jarrett
2419,Rory Johnson,
2420,Antonio Johnson,
2421,Calvin Johnson,https://www.espn.com/college-football/player/_/id/161197/calvin-johnson
2422,Charles Johnson,
2423,Michael Johnson,
2424,Mike Jones,
2425,Jacoby Jones,
2426,James Jones,
2427,Onrea Jones,
2428,Ryan Kalil,https://www.espn.com/college-football/player/_/id/145162/ryan-kalil
2429,Jordan Kent,https://www.espn.com/college-football/player/_/id/179332/jordan-kent
2430,Aaron King,
2431,Adam Koets,
2432,Kevin Kolb,https://www.espn.com/college-football/player/_/id/147493/kevin-kolb
2433,Toby Korrodi,
2434,Derek Landri,https://www.espn.com/college-football/player/_/id/134724/derek-landri
2435,LaRon Landry,https://www.espn.com/college-football/player/_/id/146752/laron-landry
2436,Zach Latimer,
2437,Chris Leak,
2438,Nick Leeson,https://www.espn.com/college-football/player/_/id/135213/nick-leeson
2439,Brian Leonard,https://www.espn.com/college-football/player/_/id/135382/brian-leonard
2440,Reggie Lewis,
2441,Enoka Lucas,
2442,Marshawn Lynch,https://www.espn.com/college-football/player/_/id/163361/marshawn-lynch
2443,James Marten,https://www.espn.com/college-football/player/_/id/135943/james-marten
2444,Mike Mason,
2445,Ryan McBean,https://www.espn.com/college-football/player/_/id/174043/ryan-mcbean
2446,Trumaine McBride,
2447,Turk McBride,
2448,Marcus McCauley,https://www.espn.com/college-football/player/_/id/135089/marcus-mccauley
2449,LeRon McClain,
2450,Marquay McDaniel,
2451,Brandon McDonald,https://www.espn.com/college-football/player/_/id/147536/brandon-mcdonald
2452,Ray McDonald,
2453,Ronnie McGill,https://www.espn.com/college-football/player/_/id/145834/ronnie-mcgill
2454,Rhema McKnight,https://www.espn.com/college-football/player/_/id/134727/rhema-mcknight
2455,Robert Meachem,
2456,Brandon Mebane,https://www.espn.com/college-football/player/_/id/144991/brandon-mebane
2457,Justin Medlock,https://www.espn.com/college-football/player/_/id/145120/justin-medlock
2458,Brandon Meriweather,
2459,Zach Miller,https://www.espn.com/college-football/player/_/id/160314/zach-miller
2460,Martrez Milner,
2461,Marvin Mitchell,
2462,Ryan Moore,
2463,Jay Moore,https://www.espn.com/college-football/player/_/id/137507/jay-moore
2464,Drew Mormino,
2465,Quentin Moses,
2466,Tyrone Moss,
2467,Jarvis Moss,
2468,Dan Mozes,
2469,Legedu Naanee,https://www.espn.com/college-football/player/_/id/134779/legedu-naanee
2470,Chinedum Ndukwe,https://www.espn.com/college-football/player/_/id/150324/chinedum-ndukwe
2471,J.D. Nelson,https://www.espn.com/college-football/player/_/id/135903/jd-nelson
2472,Reggie Nelson,
2473,Syvelle Newton,https://www.espn.com/college-football/player/_/id/146835/syvelle-newton
2474,Joe Newton,https://www.espn.com/college-football/player/_/id/133981/joe-newton
2475,Stephen Nicholas,https://www.espn.com/college-football/player/_/id/136656/stephen-nicholas
2476,Chad Nkang,
2477,Uche Nwaneri,
2478,Amobi Okoye,https://www.espn.com/college-football/player/_/id/149897/amobi-okoye
2479,Michael Okwo,https://www.espn.com/college-football/player/_/id/145104/michael-okwo
2480,Sam Olajubutu,https://www.espn.com/college-football/player/_/id/134118/sam-olajubutu
2481,Greg Olsen,
2482,Mike Otto,https://www.espn.com/college-football/player/_/id/133864/mike-otto
2483,Brandon Pace,https://www.espn.com/college-football/player/_/id/146409/brandon-pace
2484,Tyler Palko,https://www.espn.com/college-football/player/_/id/134942/tyler-palko
2485,Jordan Palmer,
2486,Marcus Paschal,
2487,Ben Patrick,
2488,David Patterson,https://www.espn.com/college-football/player/_/id/146174/david-patterson
2489,Kevin Payne,
2490,Leonard Peters,
2491,Adrian Peterson,
2492,Blair Phillips,https://www.espn.com/college-football/player/_/id/134183/blair-phillips
2493,James Pinkney,https://www.espn.com/college-football/player/_/id/136126/james-pinkney
2494,Sabby Piscitelli,https://www.espn.com/college-football/player/_/id/133983/sabby-piscitelli
2495,Quinn Pitcock,https://www.espn.com/college-football/player/_/id/133642/quinn-pitcock
2496,Chase Pittman,https://www.espn.com/college-football/player/_/id/135027/chase-pittman
2497,Antonio Pittman,https://www.espn.com/college-football/player/_/id/160722/antonio-pittman
2498,Adam Podlesh,https://www.espn.com/college-football/player/_/id/136005/adam-podlesh
2499,Paul Posluszny,https://www.espn.com/college-football/player/_/id/155528/paul-posluszny
2500,Anthony Pudewell,https://www.espn.com/college-football/player/_/id/133567/anthony-pudewell
2501,Brady Quinn,https://www.espn.com/college-football/player/_/id/150329/brady-quinn
2502,Jerard Rabb,https://www.espn.com/college-football/player/_/id/170022/jerard-rabb
2503,Manny Ramirez,
2504,Jared Retkofsky,https://www.espn.com/college-football/player/_/id/137495/jared-retkofsky
2505,Darrelle Revis,https://www.espn.com/college-football/player/_/id/163210/darrelle-revis
2506,Alex Reyes,https://www.espn.com/college-football/player/_/id/145697/alex-reyes
2507,Sidney Rice,https://www.espn.com/college-football/player/_/id/169717/sidney-rice
2508,Jay Richardson,https://www.espn.com/college-football/player/_/id/133643/jay-richardson
2509,Gijon Robinson,
2510,Laurent Robinson,
2511,Ryne Robinson,
2512,Brian Robison,
2513,Dante Rosario,
2514,Aaron Ross,
2515,Aaron Rouse,https://www.espn.com/college-football/player/_/id/135234/aaron-rouse
2516,Jeff Rowe,https://www.espn.com/college-football/player/_/id/133570/jeff-rowe
2517,Gary Russell,
2518,JaMarcus Russell,https://www.espn.com/college-football/player/_/id/146755/jamarcus-russell
2519,Clifton Ryan,https://www.espn.com/college-football/player/_/id/133791/clifton-ryan
2520,Dan Santucci,
2521,Dallas Sartz,https://www.espn.com/college-football/player/_/id/137251/dallas-sartz
2522,Samson Satele,
2523,Nic Schmitt,
2524,Derek Schouman,https://www.espn.com/college-football/player/_/id/150277/derek-schouman
2525,Kenny Scott,https://www.espn.com/college-football/player/_/id/145795/kenny-scott
2526,Arron Sears,
2527,Daniel Sepulveda,
2528,Ken Shackleford,
2529,Brandon Sharp,https://www.espn.com/college-football/player/_/id/149907/brandon-sharp
2530,Tim Shaw,https://www.espn.com/college-football/player/_/id/143711/tim-shaw
2531,Brandon Siler,
2532,Juwan Simpson,https://www.espn.com/college-football/player/_/id/136368/juwan-simpson
2533,Mike Sims-Walker,
2534,Bo Smith,
2535,Bret Smith,
2536,Ryan Smith,
2537,Kelvin Smith,https://www.espn.com/college-football/player/_/id/134505/kelvin-smith
2538,Kolby Smith,https://www.espn.com/college-football/player/_/id/149910/kolby-smith
2539,Steve Smith,https://www.espn.com/college-football/player/_/id/145169/steve-smith
2540,Troy Smith,https://www.espn.com/college-football/player/_/id/133648/troy-smith
2541,Jason Snelling,https://www.espn.com/college-football/player/_/id/136355/jason-snelling
2542,Paul Soliai,https://www.espn.com/college-football/player/_/id/157007/paul-soliai
2543,Matt Spaeth,https://www.espn.com/college-football/player/_/id/133842/matt-spaeth
2544,Anthony Spencer,https://www.espn.com/college-football/player/_/id/133872/anthony-spencer
2545,Joe Staley,https://www.espn.com/college-football/player/_/id/147063/joe-staley
2546,Isaiah Stanback,https://www.espn.com/college-football/player/_/id/136579/isaiah-stanback
2547,Drew Stanton,https://www.espn.com/college-football/player/_/id/133795/drew-stanton
2548,Scott Stephenson,
2549,Cameron Stephenson,
2550,Syndric Steptoe,
2551,John Stocco,https://www.espn.com/college-football/player/_/id/133680/john-stocco
2552,Daren Stone,
2553,Chansi Stuckey,https://www.espn.com/college-football/player/_/id/135822/chansi-stuckey
2554,Kasey Studdard,
2555,Palauni Ma Sun,
2556,Jayson Swain,
2557,Josh Swogger,
2558,Herb Taylor,
2559,Ramonce Taylor,
2560,Zac Taylor,https://www.espn.com/college-football/player/_/id/134094/zac-taylor
2561,Courtney Taylor,https://www.espn.com/college-football/player/_/id/134996/courtney-taylor
2562,Tony Taylor,
2563,Joe Thomas,https://www.espn.com/college-football/player/_/id/146232/joe-thomas
2564,Marcus Thomas,
2565,Paul Thompson,
2566,Lawrence Timmons,https://www.espn.com/college-football/player/_/id/168599/lawrence-timmons
2567,Matt Toeaina,https://www.espn.com/college-football/player/_/id/136047/matt-toeaina
2568,Matt Trannon,https://www.espn.com/college-football/player/_/id/133797/matt-trannon
2569,Tank Tyler,
2570,Tony Ugoh,
2571,Dane Uperesa,
2572,Chad Upshaw,
2573,Elliot Vallejo,
2574,Jonathan Wade,
2575,Darius Walker,https://www.espn.com/college-football/player/_/id/161739/darius-walker
2576,D.J. Ware,
2577,Justin Warren,https://www.espn.com/college-football/player/_/id/145670/justin-warren
2578,Anthony Waters,https://www.espn.com/college-football/player/_/id/135828/anthony-waters
2579,Eric Weddle,https://www.espn.com/college-football/player/_/id/146945/eric-weddle
2580,John Wendling,https://www.espn.com/college-football/player/_/id/137023/john-wendling
2581,Marvin White,https://www.espn.com/college-football/player/_/id/175628/marvin-white
2582,Chaz Williams,
2583,Chandler Williams,https://www.espn.com/college-football/player/_/id/155218/chandler-williams
2584,Paul Williams,https://www.espn.com/college-football/player/_/id/135108/paul-williams
2585,Patrick Willis,
2586,Julius Wilson,
2587,C.J. Wilson,https://www.espn.com/college-football/player/_/id/145271/cj-wilson
2588,Josh Wilson,https://www.espn.com/college-football/player/_/id/145831/josh-wilson
2589,Garrett Wolfe,https://www.espn.com/college-football/player/_/id/138215/garrett-wolfe
2590,LaMarr Woodley,
2591,D'Juan Woods,https://www.espn.com/college-football/player/_/id/135769/djuan-woods
2592,Abraham Wright,https://www.espn.com/college-football/player/_/id/156228/abraham-wright
2593,Dwayne Wright,https://www.espn.com/college-football/player/_/id/128301/dwayne-wright
2594,Eric Wright,https://www.espn.com/college-football/player/_/id/145177/eric-wright
2595,Mansfield Wrotto,https://www.espn.com/college-football/player/_/id/145799/mansfield-wrotto
2596,DeShawn Wynn,
2597,Marshal Yanda,
2598,C.J. Ah You,
2599,Selvin Young,
2600,Jared Zabransky,https://www.espn.com/college-football/player/_/id/134778/jared-zabransky
